1,Craig,Cunningham,ccunningham0@comcast.net,223.249.201.119
2,Ryan,Gilbert,rgilbert1@about.com,103.221.4.186
3,Lisa,Kim,lkim2@java.com,163.161.25.175
4,Ruth,Burns,rburns3@exblog.jp,54.232.38.14
5,Cheryl,Crawford,ccrawford4@nymag.com,164.240.232.115
6,Carl,Carter,ccarter5@bbc.co.uk,218.168.235.103
7,Henry,Matthews,hmatthews6@meetup.com,134.83.222.97
8,Dennis,Austin,daustin7@digg.com,164.13.229.9
9,Norma,Torres,ntorres8@imgur.com,128.112.155.23
10,Bonnie,Tucker,btucker9@google.cn,189.187.38.250
11,Daniel,Dunn,ddunna@dion.ne.jp,79.203.7.35
12,Carol,Brooks,cbrooksb@trellian.com,206.45.67.249
13,Anthony,Tucker,atuckerc@feedburner.com,1.61.17.40
14,Deborah,Webb,dwebbd@newyorker.com,132.166.178.111
15,Michael,Elliott,melliotte@mayoclinic.com,156.204.10.245
16,Angela,Banks,abanksf@jigsy.com,214.215.69.82
17,Timothy,Gray,tgrayg@tripadvisor.com,44.75.85.57
18,Harry,Hernandez,hhernandezh@cam.ac.uk,65.153.241.88
19,Carol,Howell,chowelli@sphinn.com,191.46.247.16
20,Steven,Porter,sporterj@privacy.gov.au,238.41.120.230
21,Jimmy,Hill,jhillk@ed.gov,151.83.8.252
22,Juan,Miller,jmillerl@ft.com,84.201.22.26
23,Larry,Allen,lallenm@google.com.hk,215.79.101.116
24,Larry,Bell,lbelln@bloglovin.com,253.152.38.226
25,Wayne,Gray,wgrayo@sciencedirect.com,82.58.198.240
26,Lawrence,Price,lpricep@alexa.com,110.133.103.158
27,Carlos,Reyes,creyesq@blogger.com,193.199.29.250
28,Andrew,Mason,amasonr@dedecms.com,210.56.205.53
29,Jean,Rodriguez,jrodriguezs@wikimedia.org,47.181.108.137
30,Joshua,Gonzales,jgonzalest@indiegogo.com,18.93.168.19
31,Timothy,Lane,tlaneu@archive.org,115.61.0.164
32,Theresa,Meyer,tmeyerv@europa.eu,17.55.121.115
33,Emily,Martin,emartinw@virginia.edu,64.89.69.169
34,Pamela,Clark,pclarkx@businessweek.com,190.29.23.218
35,Judy,Romero,jromeroy@patch.com,31.222.91.154
36,Phillip,Jordan,pjordanz@merriam-webster.com,69.123.188.32
37,Nicole,Morales,nmorales10@cmu.edu,48.107.255.7
38,Stephen,Knight,sknight11@mail.ru,104.247.15.46
39,John,Lawson,jlawson12@istockphoto.com,104.221.132.184
40,Bonnie,Sullivan,bsullivan13@infoseek.co.jp,157.195.232.106
41,Anthony,Parker,aparker14@cnet.com,198.92.224.48
42,Timothy,Nguyen,tnguyen15@g.co,89.158.162.248
43,Thomas,Jones,tjones16@booking.com,31.171.79.185
44,Angela,Banks,abanks17@opensource.org,181.111.187.79
45,Christina,Cunningham,ccunningham18@free.fr,94.86.226.211
46,Philip,Flores,pflores19@delicious.com,133.125.63.80
47,Rebecca,Taylor,rtaylor1a@constantcontact.com,25.118.66.33
48,Keith,Richardson,krichardson1b@npr.org,36.191.38.105
49,Eugene,Bowman,ebowman1c@diigo.com,90.144.35.95
50,Julia,Castillo,jcastillo1d@freewebs.com,193.245.254.223
51,Gregory,Gomez,ggomez1e@furl.net,253.8.164.127
52,Sandra,Rice,srice1f@phoca.cz,157.179.3.54
53,Aaron,Burke,aburke1g@dagondesign.com,221.212.59.237
54,Albert,Fields,afields1h@usda.gov,243.237.45.151
55,Peter,Berry,pberry1i@ocn.ne.jp,72.3.180.220
56,Raymond,Carroll,rcarroll1j@auda.org.au,133.97.187.140
57,Annie,Martin,amartin1k@princeton.edu,157.15.169.90
58,Joe,Mccoy,jmccoy1l@1und1.de,89.82.160.72
59,Denise,Morgan,dmorgan1m@reverbnation.com,17.145.80.28
60,Ruth,Morrison,rmorrison1n@geocities.jp,46.210.52.172
61,Bruce,Howard,bhoward1o@ocn.ne.jp,89.210.55.83
62,Gerald,King,gking1p@posterous.com,150.119.229.103
63,Jeffrey,Arnold,jarnold1q@gizmodo.com,163.103.113.177
64,David,Bailey,dbailey1r@amazon.de,82.86.88.25
65,Richard,Medina,rmedina1s@shinystat.com,48.134.123.86
66,Christopher,Hall,chall1t@angelfire.com,204.206.82.50
67,Ryan,Flores,rflores1u@sciencedirect.com,182.207.85.188
68,Jeffrey,Hart,jhart1v@usda.gov,239.164.126.73
69,Russell,Lane,rlane1w@wiley.com,125.135.23.235
70,Elizabeth,Reynolds,ereynolds1x@msn.com,174.121.105.250
71,Ruby,Cooper,rcooper1y@scientificamerican.com,73.119.150.193
72,Virginia,Porter,vporter1z@prlog.org,188.48.247.62
73,Brandon,Carter,bcarter20@slashdot.org,160.85.105.179
74,Charles,Robertson,crobertson21@blogtalkradio.com,117.32.149.83
75,Anna,Brooks,abrooks22@npr.org,141.223.47.108
76,Judy,Cox,jcox23@army.mil,146.250.50.23
77,Terry,Greene,tgreene24@miitbeian.gov.cn,61.205.31.222
78,Jason,Reynolds,jreynolds25@ehow.com,38.233.43.79
79,Sean,Rose,srose26@google.com.br,82.104.137.9
80,Michelle,Jones,mjones27@g.co,202.138.63.97
81,Craig,Carter,ccarter28@nhs.uk,2.102.108.236
82,Harry,Gordon,hgordon29@nationalgeographic.com,73.120.245.213
83,Thomas,Larson,tlarson2a@reverbnation.com,255.222.175.132
84,Ryan,Shaw,rshaw2b@vk.com,69.77.89.208
85,Tammy,Palmer,tpalmer2c@nbcnews.com,133.232.209.123
86,Jason,Flores,jflores2d@blogs.com,96.111.136.50
87,Dorothy,George,dgeorge2e@google.cn,34.10.46.132
88,Jack,Dean,jdean2f@yolasite.com,176.186.89.22
89,Harry,Tucker,htucker2g@bing.com,235.75.76.6
90,Carolyn,Mason,cmason2h@angelfire.com,105.164.239.82
91,Joshua,Hunt,jhunt2i@mapy.cz,246.5.91.113
92,Rose,Greene,rgreene2j@quantcast.com,68.113.65.152
93,Kathy,Jackson,kjackson2k@icio.us,143.59.95.84
94,Emily,Lee,elee2l@nifty.com,67.229.89.184
95,Jack,Payne,jpayne2m@weibo.com,236.58.177.96
96,Patrick,Rivera,privera2n@psu.edu,198.190.70.131
97,Martin,Mason,mmason2o@free.fr,138.0.65.102
98,Theresa,Washington,twashington2p@skyrock.com,131.38.218.164
99,Rose,Freeman,rfreeman2q@yahoo.co.jp,36.114.5.48
100,David,Simpson,dsimpson2r@ustream.tv,200.108.40.178
101,Andrea,King,aking2s@ucla.edu,73.166.118.64
102,Kathleen,Willis,kwillis2t@washingtonpost.com,29.72.9.27
103,Shirley,Lee,slee2u@npr.org,118.136.199.253
104,Antonio,Lopez,alopez2v@umn.edu,40.80.94.168
105,Sandra,Berry,sberry2w@photobucket.com,168.239.148.152
106,Ann,Ramirez,aramirez2x@about.me,238.220.74.67
107,Christopher,Martin,cmartin2y@studiopress.com,61.196.100.98
108,Virginia,Tucker,vtucker2z@webmd.com,37.23.137.71
109,Debra,Moreno,dmoreno30@gmpg.org,87.161.7.142
110,Edward,Perez,eperez31@marketwatch.com,132.209.59.146
111,Jacqueline,Stanley,jstanley32@theatlantic.com,220.184.130.216
112,Louis,Marshall,lmarshall33@theatlantic.com,68.224.164.8
113,Jack,Fuller,jfuller34@privacy.gov.au,248.32.216.173
114,Gregory,Flores,gflores35@columbia.edu,32.40.237.135
115,Robert,Montgomery,rmontgomery36@meetup.com,233.136.111.178
116,Helen,Hart,hhart37@forbes.com,95.45.220.158
117,Amy,Bishop,abishop38@artisteer.com,206.26.48.92
118,Joan,Boyd,jboyd39@vimeo.com,125.188.7.140
119,Ronald,Matthews,rmatthews3a@economist.com,240.16.206.116
120,Betty,Baker,bbaker3b@storify.com,35.148.232.199
121,Bonnie,Collins,bcollins3c@youtube.com,176.187.179.178
122,Ann,Austin,aaustin3d@wufoo.com,109.155.0.252
123,Gloria,Flores,gflores3e@quantcast.com,187.246.28.81
124,Sarah,Gibson,sgibson3f@wunderground.com,23.160.68.192
125,Emily,Rice,erice3g@cafepress.com,224.39.138.222
126,Craig,Kim,ckim3h@ucla.edu,68.208.43.151
127,Tammy,Torres,ttorres3i@1und1.de,112.59.123.237
128,Ruby,Cruz,rcruz3j@eventbrite.com,27.148.211.235
129,Joan,Payne,jpayne3k@si.edu,43.221.198.198
130,George,Bishop,gbishop3l@360.cn,22.168.179.21
131,Kimberly,Powell,kpowell3m@usa.gov,215.39.208.61
132,Richard,Duncan,rduncan3n@nymag.com,47.122.149.155
133,Larry,Graham,lgraham3o@home.pl,255.113.210.127
134,Howard,Nichols,hnichols3p@noaa.gov,149.184.170.218
135,Sharon,Campbell,scampbell3q@arizona.edu,146.90.41.111
136,Randy,Garrett,rgarrett3r@amazonaws.com,3.147.64.166
137,Phillip,Jackson,pjackson3s@trellian.com,134.155.243.17
138,Irene,Tucker,itucker3t@ed.gov,6.33.207.156
139,Ashley,Flores,aflores3u@livejournal.com,90.130.196.25
140,Emily,Greene,egreene3v@huffingtonpost.com,220.152.112.218
141,Patricia,Alvarez,palvarez3w@about.me,38.42.124.111
142,Patricia,Bowman,pbowman3x@uiuc.edu,49.129.84.233
143,Ruby,Dunn,rdunn3y@flickr.com,201.230.35.253
144,Carol,Ferguson,cferguson3z@rakuten.co.jp,192.180.78.19
145,Kathy,Graham,kgraham40@odnoklassniki.ru,0.144.124.160
146,Adam,Reid,areid41@rakuten.co.jp,251.55.144.115
147,Angela,Baker,abaker42@washingtonpost.com,163.155.51.64
148,Teresa,Morris,tmorris43@w3.org,193.191.96.235
149,Mildred,Scott,mscott44@ifeng.com,76.137.128.37
150,Nicole,Grant,ngrant45@prweb.com,163.6.168.126
151,Willie,Gordon,wgordon46@sciencedaily.com,63.103.48.223
152,Jean,Scott,jscott47@blogtalkradio.com,151.125.119.194
153,Peter,Hudson,phudson48@domainmarket.com,13.200.113.236
154,Gregory,Lopez,glopez49@ning.com,235.223.43.221
155,Donna,Johnson,djohnson4a@google.pl,214.142.60.108
156,Anthony,Banks,abanks4b@telegraph.co.uk,161.35.170.192
157,Melissa,Lopez,mlopez4c@etsy.com,61.121.1.191
158,Kathy,Reyes,kreyes4d@moonfruit.com,142.44.32.66
159,Kathy,Morales,kmorales4e@ow.ly,211.213.239.21
160,Ronald,Henry,rhenry4f@wix.com,9.138.33.243
161,Rachel,Day,rday4g@cnet.com,109.213.190.22
162,Howard,Bishop,hbishop4h@angelfire.com,53.199.99.141
163,Jean,Hart,jhart4i@goodreads.com,29.94.199.1
164,Sean,Ward,sward4j@ted.com,140.25.128.218
165,Elizabeth,Gibson,egibson4k@wiley.com,206.179.26.138
166,Gregory,Ward,gward4l@free.fr,108.74.152.246
167,Jean,Hayes,jhayes4m@ocn.ne.jp,238.13.107.36
168,Eric,Gutierrez,egutierrez4n@t-online.de,190.164.34.89
169,Jennifer,Carroll,jcarroll4o@theglobeandmail.com,32.223.129.239
170,Amanda,George,ageorge4p@intel.com,65.7.199.210
171,Marie,Stanley,mstanley4q@about.com,192.141.190.57
172,Ernest,West,ewest4r@sina.com.cn,24.81.1.242
173,Theresa,Henry,thenry4s@virginia.edu,195.41.38.221
174,Joyce,Hayes,jhayes4t@shareasale.com,195.31.209.80
175,Michael,Harrison,mharrison4u@vinaora.com,108.218.131.161
176,Christine,Romero,cromero4v@com.com,238.130.86.142
177,Anthony,Burton,aburton4w@imdb.com,126.129.33.173
178,Thomas,George,tgeorge4x@tiny.cc,213.160.31.201
179,Philip,Weaver,pweaver4y@japanpost.jp,183.251.154.219
180,Gary,Green,ggreen4z@soundcloud.com,178.235.144.135
181,Amy,Simpson,asimpson50@skyrock.com,224.10.239.20
182,Nicholas,Sullivan,nsullivan51@g.co,44.57.39.125
183,Walter,Jenkins,wjenkins52@yandex.ru,79.78.21.207
184,Doris,Powell,dpowell53@stanford.edu,203.85.98.62
185,Tina,Thompson,tthompson54@vkontakte.ru,231.242.161.1
186,Alan,Hughes,ahughes55@npr.org,152.164.92.0
187,Paul,Smith,psmith56@nyu.edu,117.6.156.87
188,Clarence,Johnston,cjohnston57@twitpic.com,164.182.58.191
189,Julia,Wells,jwells58@t-online.de,139.191.106.189
190,Phyllis,Chavez,pchavez59@aol.com,82.192.97.77
191,Maria,Flores,mflores5a@cocolog-nifty.com,50.135.233.217
192,Elizabeth,Lane,elane5b@cnet.com,170.47.90.143
193,Billy,Warren,bwarren5c@twitter.com,115.126.112.236
194,Phyllis,Long,plong5d@nationalgeographic.com,88.220.107.133
195,Stephen,Spencer,sspencer5e@upenn.edu,76.66.237.81
196,Arthur,White,awhite5f@wiley.com,6.59.62.11
197,Christopher,Adams,cadams5g@bloglovin.com,234.159.39.33
198,Jeremy,Owens,jowens5h@ameblo.jp,174.93.180.22
199,Gerald,Burns,gburns5i@posterous.com,203.228.82.52
200,Judith,Mendoza,jmendoza5j@stanford.edu,207.115.172.159
201,Virginia,Lane,vlane5k@feedburner.com,200.48.76.132
202,Russell,Garcia,rgarcia5l@a8.net,54.50.198.24
203,Patrick,Sanchez,psanchez5m@wp.com,97.58.251.247
204,Nancy,Burns,nburns5n@techcrunch.com,59.42.12.36
205,Louise,Ryan,lryan5o@angelfire.com,160.75.190.194
206,Michelle,Dunn,mdunn5p@rambler.ru,183.3.139.242
207,Paul,Payne,ppayne5q@deliciousdays.com,52.228.135.51
208,Anne,Burton,aburton5r@wordpress.org,143.3.87.13
209,Aaron,Gardner,agardner5s@sina.com.cn,230.31.114.192
210,Kelly,Price,kprice5t@uol.com.br,50.22.194.189
211,Jason,Palmer,jpalmer5u@smugmug.com,158.27.84.31
212,Andrew,Gordon,agordon5v@mapquest.com,200.111.250.3
213,Todd,Reed,treed5w@google.com.br,19.111.23.178
214,Alan,Carpenter,acarpenter5x@illinois.edu,107.241.98.234
215,Sandra,Sullivan,ssullivan5y@ibm.com,112.222.139.51
216,Jimmy,Cruz,jcruz5z@desdev.cn,203.180.177.249
217,Karen,Carpenter,kcarpenter60@list-manage.com,126.237.16.213
218,Martha,Kelley,mkelley61@webeden.co.uk,118.100.236.81
219,Diana,Campbell,dcampbell62@newsvine.com,207.193.208.62
220,Alan,Robertson,arobertson63@wikia.com,85.106.65.217
221,Arthur,Gomez,agomez64@t.co,215.47.90.206
222,Shirley,Bishop,sbishop65@themeforest.net,147.22.84.190
223,Jeremy,Russell,jrussell66@printfriendly.com,52.30.127.230
224,Louise,Morales,lmorales67@lulu.com,50.214.89.139
225,Randy,Fields,rfields68@wp.com,79.75.72.219
226,Douglas,Romero,dromero69@liveinternet.ru,23.175.31.78
227,Michelle,Dunn,mdunn6a@angelfire.com,243.24.14.45
228,Patricia,Mills,pmills6b@ted.com,76.13.158.121
229,Judith,Vasquez,jvasquez6c@google.co.uk,37.77.37.221
230,Gregory,Bailey,gbailey6d@google.com.br,180.105.113.39
231,Robert,Gilbert,rgilbert6e@g.co,208.243.13.115
232,Mary,Rose,mrose6f@rakuten.co.jp,32.72.70.228
233,Aaron,Hayes,ahayes6g@1und1.de,172.95.185.105
234,Norma,Green,ngreen6h@etsy.com,252.214.245.233
235,Martin,Rice,mrice6i@deviantart.com,130.219.209.21
236,Diana,Bryant,dbryant6j@seattletimes.com,82.214.207.93
237,Brandon,Barnes,bbarnes6k@bizjournals.com,123.61.232.151
238,Judith,Reid,jreid6l@samsung.com,126.2.20.5
239,Jesse,George,jgeorge6m@istockphoto.com,16.35.112.75
240,Edward,Lynch,elynch6n@mayoclinic.com,73.250.9.107
241,Lillian,Banks,lbanks6o@networkadvertising.org,110.124.63.18
242,Kathleen,Brown,kbrown6p@acquirethisname.com,21.104.19.156
243,Diana,Armstrong,darmstrong6q@noaa.gov,23.99.64.218
244,Tammy,Peterson,tpeterson6r@elpais.com,6.36.54.109
245,Shawn,Roberts,sroberts6s@acquirethisname.com,249.224.141.249
246,Marilyn,Pierce,mpierce6t@omniture.com,67.13.63.173
247,Eric,Garza,egarza6u@yolasite.com,67.129.230.112
248,Edward,Clark,eclark6v@nsw.gov.au,159.138.149.169
249,Lois,Perry,lperry6w@booking.com,184.250.193.56
250,Amy,Turner,aturner6x@latimes.com,232.30.64.58
251,Steven,Burke,sburke6y@amazon.de,32.218.241.131
252,Judy,Flores,jflores6z@cocolog-nifty.com,168.227.48.143
253,Paul,Greene,pgreene70@xrea.com,199.191.28.158
254,Ashley,Andrews,aandrews71@tuttocitta.it,141.214.85.157
255,Helen,Gomez,hgomez72@opensource.org,6.223.172.29
256,Judith,Franklin,jfranklin73@stumbleupon.com,96.235.53.5
257,Gary,Shaw,gshaw74@unicef.org,200.138.41.103
258,Martin,Nguyen,mnguyen75@sciencedaily.com,254.26.217.49
259,Deborah,Schmidt,dschmidt76@usgs.gov,114.79.105.175
260,Roger,Alvarez,ralvarez77@chicagotribune.com,221.203.91.175
261,Mark,Robertson,mrobertson78@ft.com,2.95.14.244
262,Nicole,Greene,ngreene79@nbcnews.com,181.251.70.114
263,Sara,Marshall,smarshall7a@ning.com,201.162.128.232
264,Tina,Kim,tkim7b@npr.org,115.58.150.96
265,Gary,Griffin,ggriffin7c@baidu.com,124.7.5.195
266,Victor,Carter,vcarter7d@stanford.edu,28.191.9.252
267,Evelyn,Knight,eknight7e@umn.edu,53.97.118.117
268,Louise,Hawkins,lhawkins7f@howstuffworks.com,171.173.229.98
269,Jack,Hernandez,jhernandez7g@usa.gov,212.108.33.214
270,Judith,Gomez,jgomez7h@fda.gov,16.79.41.127
271,Janice,Cox,jcox7i@mlb.com,75.104.166.73
272,Ryan,Alexander,ralexander7j@eepurl.com,225.23.17.214
273,Michelle,Nelson,mnelson7k@networksolutions.com,219.128.91.182
274,Clarence,Campbell,ccampbell7l@ox.ac.uk,28.51.61.188
275,Ashley,Gonzales,agonzales7m@reference.com,223.230.60.113
276,Jimmy,Hunt,jhunt7n@patch.com,188.140.255.220
277,Frank,Wells,fwells7o@slate.com,154.112.224.219
278,Juan,Palmer,jpalmer7p@tumblr.com,126.187.150.55
279,Melissa,Alexander,malexander7q@discuz.net,93.17.247.22
280,Marie,Butler,mbutler7r@dailymail.co.uk,136.60.93.21
281,Stephen,Shaw,sshaw7s@gizmodo.com,127.242.213.32
282,Jean,Gibson,jgibson7t@squarespace.com,71.7.247.46
283,Christopher,Cook,ccook7u@amazonaws.com,65.146.13.89
284,Thomas,Oliver,toliver7v@goo.gl,2.157.49.225
285,Frank,Hudson,fhudson7w@arizona.edu,171.29.209.123
286,Donald,Butler,dbutler7x@reuters.com,53.22.122.169
287,William,Matthews,wmatthews7y@eventbrite.com,17.91.162.135
288,Christopher,Fox,cfox7z@amazon.co.jp,81.123.205.221
289,Betty,Mills,bmills80@jiathis.com,32.240.202.189
290,Matthew,Moreno,mmoreno81@dmoz.org,145.247.223.218
291,Craig,Cole,ccole82@oakley.com,221.102.73.153
292,Stephanie,Hamilton,shamilton83@seattletimes.com,1.11.235.230
293,Jesse,Griffin,jgriffin84@pen.io,101.6.220.61
294,Nancy,Simpson,nsimpson85@furl.net,176.42.45.226
295,Martha,Wilson,mwilson86@php.net,153.214.54.11
296,Anna,King,aking87@businesswire.com,139.176.243.56
297,Margaret,Mendoza,mmendoza88@wiley.com,133.202.157.115
298,Christina,Lawson,clawson89@mozilla.org,223.37.248.97
299,Eric,Jacobs,ejacobs8a@jimdo.com,177.145.28.39
300,Janice,Payne,jpayne8b@technorati.com,253.231.160.155
301,Linda,Holmes,lholmes8c@shop-pro.jp,182.69.248.148
302,Louis,Thomas,lthomas8d@guardian.co.uk,226.26.81.193
303,Jimmy,Crawford,jcrawford8e@google.es,191.16.251.243
304,Tammy,Weaver,tweaver8f@infoseek.co.jp,12.71.216.147
305,Chris,Ross,cross8g@umich.edu,66.20.117.125
306,Jennifer,Sanchez,jsanchez8h@ibm.com,163.125.135.140
307,Lori,Bradley,lbradley8i@wikipedia.org,118.229.114.52
308,Bobby,Weaver,bweaver8j@amazon.de,111.93.78.193
309,Kathryn,Warren,kwarren8k@cargocollective.com,82.60.154.54
310,Jack,Knight,jknight8l@nih.gov,253.54.73.14
311,Joseph,Ellis,jellis8m@cargocollective.com,19.238.218.135
312,Brandon,Evans,bevans8n@tamu.edu,227.54.117.204
313,Christine,Powell,cpowell8o@accuweather.com,172.181.248.226
314,Pamela,Garrett,pgarrett8p@mlb.com,18.64.230.49
315,Jesse,Burke,jburke8q@google.de,130.187.177.80
316,Harry,Marshall,hmarshall8r@alexa.com,91.70.169.106
317,Jerry,Hanson,jhanson8s@imageshack.us,89.30.147.194
318,Shirley,Richards,srichards8t@digg.com,66.202.87.250
319,Terry,Hunt,thunt8u@live.com,133.156.133.113
320,Roger,Collins,rcollins8v@jalbum.net,24.235.250.212
321,Shawn,Hanson,shanson8w@godaddy.com,110.242.125.117
322,Robert,Peters,rpeters8x@dion.ne.jp,231.9.26.155
323,Bonnie,Diaz,bdiaz8y@freewebs.com,30.205.128.68
324,Norma,Morgan,nmorgan8z@wiley.com,90.74.25.22
325,Janet,Hernandez,jhernandez90@pbs.org,59.114.255.162
326,Anna,Foster,afoster91@hao123.com,222.80.6.84
327,Susan,Stewart,sstewart92@yellowbook.com,253.235.111.239
328,Kimberly,Washington,kwashington93@free.fr,249.69.102.0
329,Peter,Wood,pwood94@php.net,72.21.93.26
330,Sandra,Tucker,stucker95@house.gov,18.100.47.233
331,Marie,Collins,mcollins96@free.fr,207.117.28.151
332,Michelle,Oliver,moliver97@blogspot.com,39.130.166.86
333,Helen,Butler,hbutler98@dailymotion.com,5.176.108.157
334,Sean,Rogers,srogers99@liveinternet.ru,143.168.252.71
335,Nicholas,Fox,nfox9a@eepurl.com,44.88.30.8
336,Todd,Stephens,tstephens9b@sciencedaily.com,24.88.211.8
337,Rose,Lewis,rlewis9c@ifeng.com,220.99.104.208
338,Steve,Castillo,scastillo9d@cnbc.com,175.164.51.122
339,Russell,Taylor,rtaylor9e@purevolume.com,192.23.29.128
340,Andrea,Cooper,acooper9f@cocolog-nifty.com,42.76.0.89
341,Jennifer,Bennett,jbennett9g@opensource.org,137.132.26.184
342,Julie,Hernandez,jhernandez9h@un.org,41.240.37.111
343,Anne,Arnold,aarnold9i@360.cn,107.178.161.81
344,Rebecca,Fisher,rfisher9j@weibo.com,118.40.66.2
345,Tammy,Miller,tmiller9k@google.nl,219.26.180.170
346,Betty,Phillips,bphillips9l@php.net,4.184.86.4
347,Douglas,Chapman,dchapman9m@ibm.com,48.77.97.30
348,Julia,Ford,jford9n@tumblr.com,57.207.81.13
349,Daniel,Ford,dford9o@nyu.edu,76.228.251.8
350,Louis,Sims,lsims9p@jimdo.com,78.127.105.123
351,Walter,Gonzalez,wgonzalez9q@ovh.net,207.224.7.5
352,Christine,White,cwhite9r@japanpost.jp,245.99.240.252
353,Jeffrey,Lawson,jlawson9s@blogs.com,194.194.154.105
354,Doris,Carpenter,dcarpenter9t@admin.ch,218.211.145.24
355,Michelle,King,mking9u@blinklist.com,74.22.6.111
356,Kenneth,Rivera,krivera9v@biglobe.ne.jp,9.157.131.212
357,Beverly,Ramos,bramos9w@digg.com,155.225.120.211
358,Frances,Williamson,fwilliamson9x@dell.com,239.26.74.112
359,Fred,Rice,frice9y@theatlantic.com,78.202.176.197
360,Joshua,Arnold,jarnold9z@istockphoto.com,55.53.29.251
361,Henry,Kennedy,hkennedya0@ucla.edu,138.15.28.203
362,Diane,Nelson,dnelsona1@nytimes.com,160.28.207.253
363,Ann,Torres,atorresa2@cam.ac.uk,194.253.81.247
364,Robin,Garcia,rgarciaa3@aol.com,109.248.149.117
365,Lawrence,Harper,lharpera4@blog.com,62.117.230.112
366,Denise,Hernandez,dhernandeza5@cam.ac.uk,141.111.221.53
367,Larry,Mitchell,lmitchella6@fema.gov,129.147.153.107
368,Daniel,Stewart,dstewarta7@blinklist.com,93.218.191.80
369,Arthur,Perez,apereza8@1und1.de,159.26.123.79
370,Gerald,Chapman,gchapmana9@diigo.com,235.233.130.185
371,Justin,Hansen,jhansenaa@slashdot.org,206.196.145.178
372,Ralph,Morales,rmoralesab@technorati.com,48.9.77.83
373,Julie,Ortiz,jortizac@bloglovin.com,107.87.48.118
374,Chris,Kennedy,ckennedyad@gmpg.org,134.125.233.154
375,Matthew,Fernandez,mfernandezae@csmonitor.com,129.95.227.109
376,Ernest,Stone,estoneaf@ycombinator.com,133.123.115.144
377,Lillian,Powell,lpowellag@techcrunch.com,172.198.212.18
378,Sarah,Peters,spetersah@theguardian.com,49.151.99.181
379,Nicholas,Carroll,ncarrollai@blog.com,245.194.70.168
380,Jacqueline,Oliver,joliveraj@biblegateway.com,147.201.132.88
381,Andrew,Hicks,ahicksak@g.co,98.204.232.205
382,Jeremy,Black,jblackal@example.com,102.89.163.45
383,Patricia,Murphy,pmurphyam@baidu.com,47.51.123.46
384,Matthew,Butler,mbutleran@deviantart.com,24.113.197.247
385,Christine,Greene,cgreeneao@economist.com,58.32.7.118
386,Ruth,Flores,rfloresap@mail.ru,255.242.162.99
387,Anthony,Henry,ahenryaq@cisco.com,86.170.243.231
388,Rebecca,Olson,rolsonar@mayoclinic.com,104.192.47.131
389,Raymond,Owens,rowensas@discovery.com,46.223.232.148
390,Robert,Brown,rbrownat@nbcnews.com,183.26.1.85
391,Helen,Cole,hcoleau@umich.edu,135.232.238.19
392,Julie,Lee,jleeav@dailymotion.com,198.79.74.12
393,Jason,Elliott,jelliottaw@moonfruit.com,149.141.120.138
394,Jason,Tucker,jtuckerax@hao123.com,230.38.207.143
395,Marie,Owens,mowensay@disqus.com,125.216.186.154
396,Sara,Jackson,sjacksonaz@cdc.gov,18.156.179.216
397,Deborah,Diaz,ddiazb0@businesswire.com,40.57.162.217
398,Sandra,Holmes,sholmesb1@topsy.com,235.0.59.39
399,Catherine,Washington,cwashingtonb2@census.gov,193.249.117.129
400,Marilyn,Gordon,mgordonb3@weebly.com,75.144.81.54
401,Shirley,Daniels,sdanielsb4@intel.com,249.72.158.163
402,Andrew,Adams,aadamsb5@narod.ru,25.230.142.143
403,Douglas,Fernandez,dfernandezb6@loc.gov,34.15.216.98
404,Willie,Grant,wgrantb7@sogou.com,212.49.2.183
405,Jason,Lopez,jlopezb8@kickstarter.com,79.147.106.18
406,Marilyn,Welch,mwelchb9@spiegel.de,246.229.220.199
407,Albert,Moreno,amorenoba@nhs.uk,228.136.239.58
408,Pamela,Murphy,pmurphybb@virginia.edu,232.142.94.82
409,Kathryn,Carpenter,kcarpenterbc@huffingtonpost.com,91.103.102.219
410,Martin,Mcdonald,mmcdonaldbd@va.gov,56.198.205.184
411,Jason,Ford,jfordbe@opera.com,187.95.226.193
412,Joseph,Fowler,jfowlerbf@baidu.com,185.249.148.177
413,Rachel,Long,rlongbg@google.fr,3.31.50.123
414,Andrea,Hall,ahallbh@auda.org.au,174.240.177.122
415,Sandra,Gordon,sgordonbi@yahoo.co.jp,6.171.114.144
416,Diana,Larson,dlarsonbj@ezinearticles.com,237.109.221.198
417,Marie,Miller,mmillerbk@booking.com,99.129.244.185
418,Virginia,Watkins,vwatkinsbl@w3.org,236.223.114.29
419,Philip,Sullivan,psullivanbm@zdnet.com,44.175.223.139
420,Kimberly,Morales,kmoralesbn@pagesperso-orange.fr,38.114.86.104
421,Jimmy,Lee,jleebo@who.int,174.58.139.251
422,Peter,Meyer,pmeyerbp@vimeo.com,18.110.200.75
423,Charles,Fields,cfieldsbq@is.gd,2.116.177.230
424,Adam,Brooks,abrooksbr@cisco.com,25.233.71.248
425,Andrew,Ramos,aramosbs@gizmodo.com,178.48.106.38
426,Gary,Robinson,grobinsonbt@bigcartel.com,60.215.247.173
427,Diane,Chavez,dchavezbu@go.com,108.236.79.116
428,Peter,Ryan,pryanbv@wiley.com,90.57.61.204
429,Earl,Hill,ehillbw@buzzfeed.com,61.128.155.13
430,Johnny,Perkins,jperkinsbx@theguardian.com,117.236.110.204
431,Adam,Frazier,afrazierby@springer.com,181.107.18.69
432,Melissa,Weaver,mweaverbz@parallels.com,217.254.232.55
433,Bobby,Jones,bjonesc0@sina.com.cn,45.47.131.18
434,Bobby,Lopez,blopezc1@acquirethisname.com,131.86.145.5
435,Shirley,Fernandez,sfernandezc2@google.ca,0.67.178.189
436,Wanda,Wallace,wwallacec3@google.de,211.91.142.163
437,Raymond,Gray,rgrayc4@webnode.com,66.171.61.227
438,Donald,Collins,dcollinsc5@patch.com,87.253.61.249
439,Wayne,Welch,wwelchc6@unicef.org,144.182.118.235
440,Carlos,Hunter,chunterc7@abc.net.au,63.85.70.54
441,Victor,Mcdonald,vmcdonaldc8@123-reg.co.uk,221.30.180.163
442,Bobby,Burton,bburtonc9@uiuc.edu,211.125.84.136
443,Kimberly,Woods,kwoodsca@cornell.edu,175.142.42.48
444,Angela,Murray,amurraycb@weebly.com,145.213.137.161
445,Russell,Reynolds,rreynoldscc@netvibes.com,232.33.39.154
446,Gary,Black,gblackcd@wikia.com,193.215.189.155
447,Robert,Wheeler,rwheelerce@virginia.edu,49.235.244.227
448,Henry,Bennett,hbennettcf@dion.ne.jp,194.164.207.110
449,Judy,Hunter,jhuntercg@icq.com,249.191.30.171
450,Katherine,Allen,kallench@rambler.ru,93.47.67.117
451,Jeffrey,Reid,jreidci@addtoany.com,248.20.239.58
452,Jack,Myers,jmyerscj@un.org,167.217.67.161
453,Craig,Schmidt,cschmidtck@blinklist.com,214.101.195.198
454,Gregory,Welch,gwelchcl@boston.com,236.201.123.58
455,Rose,Patterson,rpattersoncm@usa.gov,169.27.224.248
456,Sharon,Stone,sstonecn@instagram.com,253.241.208.51
457,Kenneth,Rose,kroseco@tuttocitta.it,101.111.25.186
458,Ann,Holmes,aholmescp@weather.com,151.52.94.191
459,Alice,Ellis,aelliscq@sbwire.com,24.82.117.73
460,David,Montgomery,dmontgomerycr@cisco.com,137.143.175.238
461,Amanda,Hernandez,ahernandezcs@cisco.com,12.12.4.58
462,Terry,Harper,tharperct@intel.com,53.190.27.26
463,Albert,Carroll,acarrollcu@wufoo.com,216.110.242.235
464,Janet,Jones,jjonescv@mozilla.org,6.127.62.80
465,Doris,Evans,devanscw@behance.net,191.6.19.197
466,Nicholas,Hunt,nhuntcx@craigslist.org,113.68.106.200
467,Maria,Thomas,mthomascy@desdev.cn,248.81.169.176
468,Jean,Harper,jharpercz@huffingtonpost.com,30.87.182.121
469,Gary,Long,glongd0@wisc.edu,192.45.241.181
470,Christine,Stewart,cstewartd1@infoseek.co.jp,162.183.218.179
471,Sean,Garza,sgarzad2@shinystat.com,83.39.43.207
472,Wanda,Roberts,wrobertsd3@shop-pro.jp,64.237.242.216
473,Betty,Payne,bpayned4@dell.com,104.34.231.118
474,Wanda,Fisher,wfisherd5@amazon.com,166.202.173.41
475,Jeremy,Ryan,jryand6@reddit.com,29.71.102.112
476,Nicholas,Reyes,nreyesd7@gov.uk,152.111.106.11
477,Nicholas,George,ngeorged8@newsvine.com,20.248.49.85
478,Diana,Duncan,dduncand9@wufoo.com,22.12.101.182
479,Ralph,Patterson,rpattersonda@mapy.cz,88.98.32.72
480,Thomas,Allen,tallendb@skype.com,14.106.193.61
481,Sandra,Martin,smartindc@apple.com,9.196.126.99
482,Anthony,Brown,abrowndd@netvibes.com,251.10.127.166
483,Stephanie,Coleman,scolemande@amazon.co.jp,28.204.6.238
484,Harold,Frazier,hfrazierdf@cnn.com,117.114.230.116
485,Diana,Rose,drosedg@trellian.com,195.34.249.198
486,Howard,Cruz,hcruzdh@a8.net,136.30.14.237
487,Sarah,Washington,swashingtondi@networksolutions.com,194.143.33.59
488,Bonnie,Edwards,bedwardsdj@google.ru,175.255.102.229
489,Brian,Carr,bcarrdk@etsy.com,137.22.185.229
490,Ralph,Wood,rwooddl@jalbum.net,7.165.35.237
491,Victor,Fisher,vfisherdm@go.com,159.109.177.223
492,Martin,Robinson,mrobinsondn@people.com.cn,182.25.209.252
493,Marilyn,Sullivan,msullivando@cpanel.net,46.99.129.118
494,Lois,Hill,lhilldp@pcworld.com,3.94.156.183
495,Harry,Porter,hporterdq@cbc.ca,94.12.82.208
496,Michael,Gibson,mgibsondr@nsw.gov.au,197.93.84.144
497,Albert,Meyer,ameyerds@1und1.de,225.184.201.16
498,Steven,Oliver,soliverdt@theguardian.com,110.200.55.75
499,Albert,Wood,awooddu@sphinn.com,154.228.249.230
500,Cheryl,Davis,cdavisdv@smh.com.au,157.171.175.27
501,Sharon,Banks,sbanksdw@howstuffworks.com,23.232.26.237
502,Christopher,Alexander,calexanderdx@tripod.com,50.56.237.135
503,Howard,Patterson,hpattersondy@google.com.br,226.49.232.114
504,William,King,wkingdz@diigo.com,165.207.114.207
505,Amy,Morrison,amorrisone0@typepad.com,72.229.37.112
506,Walter,Chavez,wchaveze1@topsy.com,228.51.194.85
507,Susan,Kelly,skellye2@ibm.com,210.93.118.213
508,Jerry,Lane,jlanee3@walmart.com,20.251.104.139
509,Roy,Hart,rharte4@spiegel.de,143.99.27.150
510,Susan,Nguyen,snguyene5@usgs.gov,121.192.233.46
511,Catherine,Mills,cmillse6@fda.gov,237.180.84.187
512,Barbara,Young,byounge7@moonfruit.com,2.101.211.91
513,Ryan,Alvarez,ralvareze8@gravatar.com,43.221.178.30
514,Steve,Lopez,slopeze9@storify.com,217.154.138.207
515,Joseph,Larson,jlarsonea@arstechnica.com,198.127.204.199
516,Gary,Jones,gjoneseb@dedecms.com,252.109.113.21
517,Stephen,Banks,sbanksec@edublogs.org,97.145.37.193
518,Carl,Freeman,cfreemaned@ezinearticles.com,194.137.211.212
519,Howard,Bennett,hbennettee@gravatar.com,178.94.199.164
520,Melissa,White,mwhiteef@state.tx.us,142.111.58.161
521,Raymond,Taylor,rtayloreg@scribd.com,105.103.11.117
522,Mary,Price,mpriceeh@ebay.com,81.186.38.39
523,Todd,Jordan,tjordanei@t-online.de,89.128.162.49
524,Tammy,Hanson,thansonej@tamu.edu,105.24.116.31
525,Harold,Williamson,hwilliamsonek@opensource.org,73.167.153.107
526,Donald,Gordon,dgordonel@pinterest.com,140.137.86.61
527,Frank,Richardson,frichardsonem@youku.com,157.180.187.207
528,Jane,Reynolds,jreynoldsen@sciencedaily.com,254.150.82.186
529,Doris,Wright,dwrighteo@goodreads.com,130.238.216.200
530,Eric,Lane,elaneep@slideshare.net,187.57.151.72
531,Kimberly,Robertson,krobertsoneq@go.com,80.154.51.165
532,Adam,Kennedy,akennedyer@slashdot.org,118.212.78.119
533,Helen,Watson,hwatsones@timesonline.co.uk,209.160.198.46
534,Jane,Myers,jmyerset@dailymail.co.uk,168.104.189.152
535,Roger,Jacobs,rjacobseu@slideshare.net,67.226.187.109
536,Barbara,Hill,bhillev@netvibes.com,110.123.66.180
537,Rachel,Crawford,rcrawfordew@bigcartel.com,72.59.93.7
538,Janice,Chavez,jchavezex@php.net,145.5.69.229
539,Louis,Long,llongey@columbia.edu,32.181.134.126
540,Ralph,Rice,rriceez@baidu.com,37.202.168.139
541,Jacqueline,Elliott,jelliottf0@slate.com,109.25.202.26
542,Joseph,Boyd,jboydf1@who.int,102.239.227.64
543,Robert,Wright,rwrightf2@seesaa.net,93.176.128.254
544,Sean,Wheeler,swheelerf3@webs.com,84.155.217.31
545,Timothy,Fields,tfieldsf4@mozilla.org,189.247.155.182
546,Harold,Burns,hburnsf5@hexun.com,40.167.180.65
547,Marilyn,Reid,mreidf6@printfriendly.com,235.48.82.51
548,Marilyn,Hamilton,mhamiltonf7@chronoengine.com,193.136.95.92
549,Jimmy,Morris,jmorrisf8@mashable.com,202.141.156.107
550,Roger,Wheeler,rwheelerf9@psu.edu,111.221.213.200
551,Brian,Cooper,bcooperfa@cisco.com,14.250.109.58
552,Diane,Collins,dcollinsfb@indiegogo.com,158.228.66.44
553,Harry,Meyer,hmeyerfc@guardian.co.uk,203.231.27.166
554,Marilyn,Robinson,mrobinsonfd@vkontakte.ru,185.246.184.161
555,Chris,Chapman,cchapmanfe@google.nl,187.97.29.173
556,Jason,Wagner,jwagnerff@seattletimes.com,125.6.163.151
557,Ruth,Rogers,rrogersfg@mysql.com,74.199.49.127
558,Gregory,Watkins,gwatkinsfh@t.co,195.47.162.219
559,David,Banks,dbanksfi@si.edu,89.224.47.5
560,Eugene,Pierce,epiercefj@mit.edu,110.195.67.246
561,Elizabeth,Dixon,edixonfk@freewebs.com,90.20.47.90
562,Martin,Hunt,mhuntfl@amazon.co.jp,247.11.126.146
563,Elizabeth,Sanders,esandersfm@shareasale.com,25.200.59.39
564,Roger,Lopez,rlopezfn@csmonitor.com,43.107.251.84
565,Ryan,Hudson,rhudsonfo@multiply.com,115.166.80.233
566,Fred,Miller,fmillerfp@google.ca,114.220.54.42
567,Phillip,Hernandez,phernandezfq@mozilla.org,171.41.127.29
568,Gregory,Willis,gwillisfr@bbc.co.uk,152.10.104.165
569,Barbara,Warren,bwarrenfs@princeton.edu,38.70.6.108
570,Jack,Gray,jgrayft@ovh.net,46.104.105.117
571,Marie,Hudson,mhudsonfu@arstechnica.com,126.194.35.38
572,Larry,Bell,lbellfv@google.cn,62.215.73.226
573,Todd,Fowler,tfowlerfw@sohu.com,149.217.60.50
574,Nancy,Ramirez,nramirezfx@yellowpages.com,202.193.220.163
575,Philip,Chapman,pchapmanfy@xinhuanet.com,72.92.248.248
576,Mildred,Walker,mwalkerfz@instagram.com,252.24.0.134
577,Victor,Brown,vbrowng0@discuz.net,45.143.29.41
578,Helen,Mason,hmasong1@google.ru,20.1.13.161
579,Jennifer,Miller,jmillerg2@163.com,63.10.217.218
580,Jonathan,Ellis,jellisg3@clickbank.net,236.94.209.231
581,Paula,Payne,ppayneg4@list-manage.com,150.198.136.152
582,Steven,Price,spriceg5@seattletimes.com,229.99.166.10
583,James,Moreno,jmorenog6@unblog.fr,123.180.79.78
584,Julie,Morgan,jmorgang7@desdev.cn,102.21.181.50
585,Nicole,Howell,nhowellg8@smh.com.au,10.229.119.63
586,Daniel,Smith,dsmithg9@purevolume.com,199.4.222.97
587,Henry,Hicks,hhicksga@mtv.com,215.109.250.153
588,Katherine,Foster,kfostergb@time.com,80.14.163.146
589,Kathryn,Hudson,khudsongc@princeton.edu,18.226.98.23
590,Peter,Porter,pportergd@chicagotribune.com,201.136.210.157
591,Jeffrey,Reynolds,jreynoldsge@ow.ly,72.186.134.140
592,Theresa,Elliott,telliottgf@reuters.com,163.135.169.234
593,Louise,Miller,lmillergg@shinystat.com,75.137.133.129
594,Jane,Harvey,jharveygh@businesswire.com,65.46.168.144
595,David,Adams,dadamsgi@census.gov,205.111.136.145
596,Janice,Hall,jhallgj@github.io,244.242.73.107
597,Teresa,Hill,thillgk@cnet.com,215.244.12.19
598,Dorothy,Stewart,dstewartgl@mapquest.com,161.157.82.180
599,John,Wilson,jwilsongm@rediff.com,169.170.76.96
600,Rachel,Palmer,rpalmergn@lycos.com,215.12.163.11
601,Shawn,Kelly,skellygo@tripadvisor.com,218.120.249.8
602,Andrew,Evans,aevansgp@google.co.jp,32.200.230.199
603,Sandra,Mills,smillsgq@pen.io,78.255.199.66
604,Tammy,Butler,tbutlergr@blogtalkradio.com,80.127.140.139
605,Amanda,Hunter,ahuntergs@buzzfeed.com,94.92.75.90
606,Jack,Parker,jparkergt@opera.com,11.50.22.13
607,Daniel,Hayes,dhayesgu@desdev.cn,127.184.138.47
608,Janet,Gutierrez,jgutierrezgv@acquirethisname.com,15.107.218.226
609,Todd,Boyd,tboydgw@purevolume.com,112.185.233.56
610,Amy,Bishop,abishopgx@gov.uk,4.99.81.6
611,Doris,Snyder,dsnydergy@shutterfly.com,160.103.93.38
612,Juan,Garcia,jgarciagz@patch.com,57.141.221.42
613,Denise,Williams,dwilliamsh0@wix.com,16.65.31.250
614,Fred,Wells,fwellsh1@rambler.ru,132.31.29.39
615,Diane,Simpson,dsimpsonh2@dell.com,155.229.69.127
616,Matthew,Wright,mwrighth3@mozilla.org,161.126.186.83
617,Jerry,Nguyen,jnguyenh4@skyrock.com,199.144.123.31
618,Judith,Bradley,jbradleyh5@sohu.com,246.7.209.3
619,Deborah,Hill,dhillh6@zdnet.com,219.222.49.194
620,Rachel,Richards,rrichardsh7@mail.ru,226.190.130.95
621,Ralph,Cruz,rcruzh8@cafepress.com,249.64.186.131
622,Steven,Gomez,sgomezh9@cdc.gov,184.69.75.130
623,Judith,Elliott,jelliottha@yelp.com,37.231.141.168
624,Christopher,Bailey,cbaileyhb@barnesandnoble.com,198.113.31.191
625,Bruce,Freeman,bfreemanhc@redcross.org,68.73.94.95
626,Charles,Bishop,cbishophd@google.com.br,129.189.56.176
627,David,Bradley,dbradleyhe@merriam-webster.com,127.107.227.2
628,Helen,Rivera,hriverahf@histats.com,170.185.129.220
629,Lawrence,Wagner,lwagnerhg@who.int,48.98.153.80
630,Kathleen,Medina,kmedinahh@creativecommons.org,165.139.26.205
631,Julie,King,jkinghi@aboutads.info,159.75.30.81
632,Juan,Ramos,jramoshj@youku.com,60.16.207.107
633,Virginia,Reid,vreidhk@shinystat.com,236.198.73.183
634,Rachel,Hudson,rhudsonhl@google.fr,147.88.104.200
635,Roy,Sanchez,rsanchezhm@vistaprint.com,147.217.10.157
636,John,Long,jlonghn@vinaora.com,215.240.174.191
637,Raymond,Peterson,rpetersonho@weibo.com,70.75.0.224
638,Elizabeth,Bell,ebellhp@accuweather.com,85.124.152.105
639,Shirley,Wagner,swagnerhq@ft.com,4.223.151.183
640,Christopher,Moreno,cmorenohr@networkadvertising.org,180.202.8.15
641,Kathleen,Hall,khallhs@mail.ru,116.8.98.131
642,Brandon,Fisher,bfisherht@live.com,54.213.72.79
643,Lillian,Burton,lburtonhu@washingtonpost.com,142.152.4.115
644,Judith,Wright,jwrighthv@reuters.com,156.91.108.2
645,Andrew,Williamson,awilliamsonhw@gmpg.org,181.223.57.245
646,Shawn,Carr,scarrhx@craigslist.org,58.73.123.49
647,Nicole,Fowler,nfowlerhy@ow.ly,118.176.235.166
648,Anna,Williams,awilliamshz@google.co.uk,191.215.164.243
649,Teresa,Greene,tgreenei0@domainmarket.com,1.158.210.109
650,Ryan,Dixon,rdixoni1@dion.ne.jp,99.42.235.245
651,Donna,Shaw,dshawi2@google.com,177.75.46.176
652,Rachel,Cunningham,rcunninghami3@linkedin.com,69.126.221.1
653,Stephanie,Weaver,sweaveri4@netscape.com,11.10.64.243
654,Fred,Stanley,fstanleyi5@zdnet.com,131.194.53.99
655,Betty,Peters,bpetersi6@wufoo.com,62.18.175.237
656,Daniel,Hernandez,dhernandezi7@theguardian.com,176.195.193.231
657,Sharon,Stevens,sstevensi8@ask.com,110.250.52.136
658,Doris,Gardner,dgardneri9@mail.ru,248.108.203.14
659,Russell,Anderson,randersonia@instagram.com,120.239.186.178
660,Harry,Stevens,hstevensib@disqus.com,243.177.76.242
661,Craig,Fisher,cfisheric@pagesperso-orange.fr,131.243.69.105
662,Debra,Kelley,dkelleyid@purevolume.com,235.0.51.68
663,Brandon,Carroll,bcarrollie@jugem.jp,99.169.119.118
664,Joe,Walker,jwalkerif@uol.com.br,243.145.44.179
665,Carlos,Cunningham,ccunninghamig@diigo.com,77.46.30.190
666,Melissa,Rogers,mrogersih@europa.eu,236.163.103.251
667,Stephen,Crawford,scrawfordii@google.ca,112.49.198.168
668,Dennis,Gardner,dgardnerij@ftc.gov,0.171.122.109
669,Stephen,Roberts,srobertsik@hubpages.com,43.250.154.210
670,Thomas,Black,tblackil@wunderground.com,5.92.116.115
671,Jason,Cunningham,jcunninghamim@instagram.com,162.1.194.111
672,Julia,Foster,jfosterin@hexun.com,151.216.172.82
673,Lisa,Cruz,lcruzio@sina.com.cn,55.31.211.1
674,Earl,Lawrence,elawrenceip@twitpic.com,223.62.142.121
675,Ralph,Sullivan,rsullivaniq@theatlantic.com,55.219.123.217
676,Patricia,Cole,pcoleir@cam.ac.uk,217.215.21.120
677,Jeremy,Hunter,jhunteris@mozilla.org,26.177.235.180
678,Sean,Campbell,scampbellit@hostgator.com,49.84.213.208
679,Kenneth,Taylor,ktayloriu@comcast.net,160.193.71.239
680,Carolyn,Porter,cporteriv@illinois.edu,180.116.138.251
681,Tina,Fields,tfieldsiw@liveinternet.ru,146.143.4.3
682,Henry,Scott,hscottix@moonfruit.com,152.205.21.111
683,Nicole,Murray,nmurrayiy@gmpg.org,114.196.28.159
684,Gregory,Russell,grusselliz@typepad.com,127.204.187.109
685,Harry,Mcdonald,hmcdonaldj0@vimeo.com,34.150.102.110
686,Justin,Roberts,jrobertsj1@php.net,31.83.5.94
687,Ann,Bradley,abradleyj2@geocities.com,123.254.136.39
688,Victor,Johnston,vjohnstonj3@about.me,54.10.192.176
689,Dennis,Riley,drileyj4@weebly.com,5.67.201.147
690,Shirley,Baker,sbakerj5@jimdo.com,28.195.251.146
691,Patricia,Harvey,pharveyj6@va.gov,123.198.49.34
692,Louise,Willis,lwillisj7@un.org,102.56.173.44
693,Cynthia,Russell,crussellj8@princeton.edu,36.84.249.248
694,Carlos,Garza,cgarzaj9@eventbrite.com,23.43.60.243
695,John,Holmes,jholmesja@archive.org,112.78.49.192
696,Daniel,Parker,dparkerjb@example.com,119.37.12.5
697,Lillian,Richards,lrichardsjc@ucsd.edu,151.85.42.37
698,Christina,Price,cpricejd@who.int,77.172.49.94
699,Christine,Snyder,csnyderje@nyu.edu,51.82.31.240
700,Lisa,Willis,lwillisjf@fda.gov,174.2.17.224
701,Judy,Knight,jknightjg@4shared.com,39.136.238.102
702,Joe,Bailey,jbaileyjh@prnewswire.com,22.25.89.143
703,Mark,Murphy,mmurphyji@netlog.com,43.39.243.171
704,Mark,Gilbert,mgilbertjj@hhs.gov,209.79.118.135
705,Emily,Alexander,ealexanderjk@blogtalkradio.com,62.143.106.101
706,Beverly,Lewis,blewisjl@npr.org,226.198.246.5
707,Laura,Torres,ltorresjm@ebay.co.uk,87.211.213.120
708,Jose,Moore,jmoorejn@ow.ly,133.8.141.62
709,Jonathan,Castillo,jcastillojo@webs.com,162.124.112.69
710,Edward,Coleman,ecolemanjp@edublogs.org,113.201.129.71
711,Antonio,Price,apricejq@globo.com,82.134.242.220
712,Shirley,Oliver,soliverjr@example.com,39.193.117.217
713,Nancy,Grant,ngrantjs@linkedin.com,160.18.54.83
714,Bruce,Perkins,bperkinsjt@europa.eu,125.6.50.120
715,Norma,Bishop,nbishopju@ox.ac.uk,110.12.101.90
716,Ronald,Olson,rolsonjv@google.de,240.201.126.119
717,Jose,Ortiz,jortizjw@census.gov,55.101.128.28
718,Margaret,Alvarez,malvarezjx@microsoft.com,241.166.82.255
719,Lillian,Reed,lreedjy@redcross.org,104.133.135.250
720,Ann,Ramos,aramosjz@cbc.ca,26.164.231.75
721,Anne,Carpenter,acarpenterk0@gizmodo.com,199.8.243.41
722,Judy,Fernandez,jfernandezk1@opera.com,204.249.131.109
723,Richard,Garcia,rgarciak2@cnbc.com,48.90.118.222
724,Rose,Smith,rsmithk3@jimdo.com,194.35.7.37
725,Annie,Cruz,acruzk4@histats.com,184.115.189.10
726,Donald,Williamson,dwilliamsonk5@google.it,178.20.162.157
727,Edward,Gonzales,egonzalesk6@alexa.com,205.74.252.90
728,Kathleen,Olson,kolsonk7@google.es,207.253.184.111
729,Wayne,Williams,wwilliamsk8@cisco.com,102.72.57.139
730,Mark,Cooper,mcooperk9@t.co,4.151.86.134
731,Sarah,Sanders,ssanderska@google.com,67.105.187.31
732,Phillip,Gibson,pgibsonkb@cyberchimps.com,65.254.195.70
733,Amanda,Stanley,astanleykc@theguardian.com,40.97.171.173
734,John,Lee,jleekd@howstuffworks.com,238.58.85.125
735,Judith,Wallace,jwallaceke@ask.com,47.20.174.212
736,Marie,Morrison,mmorrisonkf@economist.com,155.67.168.35
737,Jeremy,Diaz,jdiazkg@usgs.gov,16.133.79.128
738,Tina,Fuller,tfullerkh@imdb.com,213.57.46.186
739,Marie,Nelson,mnelsonki@miitbeian.gov.cn,92.59.211.219
740,Steven,Hayes,shayeskj@bbc.co.uk,151.163.7.129
741,Ashley,Warren,awarrenkk@networksolutions.com,51.112.178.45
742,Sarah,Howard,showardkl@sitemeter.com,78.145.166.220
743,Benjamin,Freeman,bfreemankm@prnewswire.com,192.21.121.178
744,Eugene,Adams,eadamskn@hexun.com,101.252.90.117
745,Susan,Powell,spowellko@shinystat.com,161.142.32.40
746,Phillip,Stanley,pstanleykp@wired.com,32.101.162.189
747,Janice,Cruz,jcruzkq@csmonitor.com,95.95.224.255
748,Evelyn,Oliver,eoliverkr@icq.com,59.233.215.207
749,Kathy,Ellis,kellisks@shareasale.com,151.53.87.224
750,Harold,Young,hyoungkt@slideshare.net,171.212.204.224
751,Theresa,Hernandez,thernandezku@sciencedirect.com,35.149.27.51
752,Joan,Welch,jwelchkv@eventbrite.com,148.212.78.6
753,Ann,Roberts,arobertskw@dagondesign.com,199.150.89.111
754,Brandon,Stewart,bstewartkx@ft.com,133.0.184.237
755,Donald,Collins,dcollinsky@infoseek.co.jp,150.63.46.201
756,Thomas,Coleman,tcolemankz@meetup.com,206.220.201.103
757,Earl,Morales,emoralesl0@sfgate.com,185.75.203.135
758,Brenda,Harris,bharrisl1@vimeo.com,160.142.193.138
759,Raymond,Stephens,rstephensl2@flickr.com,168.245.85.108
760,Beverly,Porter,bporterl3@themeforest.net,159.68.161.201
761,Tina,Scott,tscottl4@lycos.com,123.4.179.19
762,Ernest,Jacobs,ejacobsl5@amazon.de,201.101.227.109
763,Craig,Gardner,cgardnerl6@is.gd,98.100.18.147
764,Eugene,Sullivan,esullivanl7@youtube.com,239.94.221.105
765,Andrew,Smith,asmithl8@economist.com,53.219.216.90
766,Sarah,Grant,sgrantl9@noaa.gov,197.242.14.52
767,Jose,Meyer,jmeyerla@seattletimes.com,82.14.69.63
768,Maria,George,mgeorgelb@163.com,86.123.215.81
769,Willie,Evans,wevanslc@geocities.jp,31.203.222.175
770,Laura,Jenkins,ljenkinsld@globo.com,1.67.97.136
771,William,Perkins,wperkinsle@europa.eu,19.253.96.33
772,Dorothy,Brooks,dbrookslf@phoca.cz,73.69.185.215
773,George,Carter,gcarterlg@4shared.com,67.248.139.201
774,Henry,Perez,hperezlh@sbwire.com,201.195.135.154
775,Samuel,Edwards,sedwardsli@europa.eu,77.204.92.36
776,Raymond,Duncan,rduncanlj@guardian.co.uk,74.51.41.246
777,Amy,Austin,aaustinlk@wisc.edu,76.18.63.144
778,Elizabeth,Carpenter,ecarpenterll@etsy.com,88.147.230.120
779,Raymond,Rodriguez,rrodriguezlm@hhs.gov,77.113.58.240
780,Jennifer,Bishop,jbishopln@google.co.jp,180.16.7.99
781,Jack,Welch,jwelchlo@photobucket.com,16.109.104.129
782,Lawrence,Fernandez,lfernandezlp@posterous.com,68.117.55.170
783,Angela,Romero,aromerolq@springer.com,136.101.8.115
784,Jeremy,Ramirez,jramirezlr@ftc.gov,181.62.69.210
785,Ruth,Bell,rbellls@bbb.org,187.133.172.93
786,Billy,Henry,bhenrylt@nsw.gov.au,208.11.104.115
787,Irene,Collins,icollinslu@tamu.edu,204.18.141.78
788,Stephanie,Richards,srichardslv@msn.com,7.123.103.26
789,Russell,Smith,rsmithlw@google.com,119.71.99.38
790,Bonnie,Alvarez,balvarezlx@irs.gov,73.132.14.114
791,Raymond,Jackson,rjacksonly@businessinsider.com,250.230.9.171
792,Linda,Frazier,lfrazierlz@dedecms.com,235.157.196.21
793,Sean,Anderson,sandersonm0@mac.com,129.253.69.176
794,Lillian,Hart,lhartm1@freewebs.com,38.156.200.16
795,Kathy,Duncan,kduncanm2@sourceforge.net,28.204.190.92
796,Gerald,Cooper,gcooperm3@oakley.com,7.122.226.9
797,Mark,Allen,mallenm4@reddit.com,126.226.220.90
798,Margaret,Little,mlittlem5@skype.com,251.86.190.143
799,Henry,Robinson,hrobinsonm6@so-net.ne.jp,59.55.109.205
800,Gary,Butler,gbutlerm7@ihg.com,234.94.246.253
801,Amy,Stone,astonem8@google.it,189.211.113.176
802,Eugene,Gonzalez,egonzalezm9@dyndns.org,95.126.251.96
803,Randy,Johnson,rjohnsonma@amazonaws.com,147.247.250.158
804,Joseph,Adams,jadamsmb@weibo.com,42.182.82.31
805,Maria,Johnston,mjohnstonmc@thetimes.co.uk,19.179.201.117
806,Louis,Watson,lwatsonmd@mac.com,199.32.8.249
807,Aaron,Hamilton,ahamiltonme@time.com,9.97.150.40
808,Steven,Snyder,ssnydermf@netvibes.com,223.175.123.67
809,Brian,Alvarez,balvarezmg@pcworld.com,145.57.76.153
810,Sandra,Riley,srileymh@nba.com,49.81.157.190
811,Emily,Rose,erosemi@google.ru,45.120.232.53
812,Pamela,Fisher,pfishermj@yandex.ru,134.222.57.201
813,Richard,Stephens,rstephensmk@china.com.cn,48.20.244.173
814,Sharon,Bowman,sbowmanml@eventbrite.com,170.22.37.70
815,Wanda,Mason,wmasonmm@163.com,210.70.177.1
816,Carl,Ruiz,cruizmn@vinaora.com,4.182.55.76
817,Kenneth,Cunningham,kcunninghammo@storify.com,135.142.53.116
818,Douglas,Peterson,dpetersonmp@cbc.ca,149.206.122.34
819,Michelle,Fuller,mfullermq@1und1.de,118.45.51.199
820,Elizabeth,Rogers,erogersmr@foxnews.com,8.162.66.184
821,Carl,Reyes,creyesms@xrea.com,18.94.158.148
822,Gregory,Shaw,gshawmt@deviantart.com,44.239.134.193
823,Kevin,Moore,kmooremu@oracle.com,53.147.72.63
824,Sara,Hayes,shayesmv@dropbox.com,244.66.123.71
825,Pamela,Gordon,pgordonmw@sphinn.com,80.137.20.230
826,Howard,Bowman,hbowmanmx@privacy.gov.au,90.230.231.33
827,Edward,Dixon,edixonmy@ftc.gov,65.86.224.120
828,Frances,Smith,fsmithmz@cocolog-nifty.com,176.98.124.42
829,Julie,Gray,jgrayn0@reverbnation.com,24.252.225.227
830,Richard,Chapman,rchapmann1@forbes.com,87.144.6.38
831,Kathleen,Hansen,khansenn2@dot.gov,112.170.23.225
832,Bonnie,Fisher,bfishern3@com.com,26.193.132.40
833,Joyce,Porter,jportern4@ebay.co.uk,137.225.199.101
834,Kenneth,Frazier,kfraziern5@rambler.ru,253.150.150.3
835,Richard,Fields,rfieldsn6@gravatar.com,198.82.62.97
836,Patrick,Ryan,pryann7@phpbb.com,135.255.3.76
837,Dorothy,Nichols,dnicholsn8@biblegateway.com,105.25.239.43
838,Doris,Andrews,dandrewsn9@tinyurl.com,78.52.199.27
839,Walter,Clark,wclarkna@independent.co.uk,78.163.144.45
840,Bobby,Snyder,bsnydernb@biglobe.ne.jp,4.7.238.86
841,Jason,Frazier,jfraziernc@psu.edu,131.152.231.37
842,Howard,Lopez,hlopeznd@shinystat.com,146.159.122.133
843,Keith,Murphy,kmurphyne@bravesites.com,137.21.224.214
844,Timothy,Murray,tmurraynf@twitpic.com,51.17.141.180
845,Steven,Hughes,shughesng@pen.io,239.244.151.108
846,Douglas,Cook,dcooknh@cbsnews.com,40.198.59.15
847,Barbara,Rogers,brogersni@dedecms.com,93.10.75.222
848,Mildred,Rodriguez,mrodrigueznj@sogou.com,250.34.153.25
849,Kelly,Arnold,karnoldnk@arizona.edu,56.105.250.15
850,Joseph,George,jgeorgenl@ehow.com,138.198.74.111
851,Emily,Kelly,ekellynm@hhs.gov,182.231.145.251
852,Jesse,Garcia,jgarciann@sbwire.com,17.98.94.194
853,Kimberly,King,kkingno@skype.com,167.139.209.81
854,Teresa,Spencer,tspencernp@stumbleupon.com,155.50.195.13
855,Julia,Arnold,jarnoldnq@php.net,74.74.219.222
856,Andrea,Hill,ahillnr@51.la,82.109.65.210
857,Peter,Schmidt,pschmidtns@sciencedaily.com,34.64.236.7
858,Patricia,Allen,pallennt@pen.io,242.203.218.241
859,Randy,Mccoy,rmccoynu@nhs.uk,40.111.133.143
860,Bobby,Russell,brussellnv@google.com.br,55.170.132.59
861,Nicholas,Cooper,ncoopernw@twitter.com,208.168.113.187
862,Brenda,Ortiz,bortiznx@deviantart.com,210.76.206.69
863,Christopher,Baker,cbakerny@wix.com,198.6.215.54
864,Scott,Stone,sstonenz@ucla.edu,137.223.153.185
865,Mary,Cruz,mcruzo0@toplist.cz,19.231.39.156
866,Ruby,Perry,rperryo1@devhub.com,0.45.187.205
867,Maria,Boyd,mboydo2@github.com,64.176.66.128
868,Victor,Matthews,vmatthewso3@hud.gov,180.127.56.31
869,Rose,Hansen,rhanseno4@chicagotribune.com,155.100.252.234
870,Janet,Watson,jwatsono5@friendfeed.com,13.39.4.57
871,Diane,Wallace,dwallaceo6@adobe.com,146.214.203.1
872,Margaret,Moore,mmooreo7@netlog.com,59.95.83.191
873,Phillip,Robinson,probinsono8@rediff.com,124.53.148.141
874,Amy,Hall,ahallo9@jugem.jp,117.113.16.187
875,Charles,Henderson,chendersonoa@cam.ac.uk,167.2.82.211
876,Theresa,Austin,taustinob@t-online.de,175.193.69.244
877,Anna,King,akingoc@is.gd,25.203.240.67
878,Cheryl,Morrison,cmorrisonod@springer.com,216.125.74.16
879,Robert,Oliver,roliveroe@list-manage.com,76.212.74.210
880,Norma,Turner,nturnerof@goo.gl,84.78.144.119
881,Betty,Holmes,bholmesog@blog.com,12.76.175.5
882,Julia,Foster,jfosteroh@printfriendly.com,125.183.236.62
883,Nicholas,Tucker,ntuckeroi@unicef.org,240.184.198.35
884,Brian,Stephens,bstephensoj@elegantthemes.com,95.237.24.98
885,Paula,Lee,pleeok@gizmodo.com,7.243.44.232
886,Alice,Hunt,ahuntol@rakuten.co.jp,40.107.177.163
887,Nicole,Hamilton,nhamiltonom@goo.gl,110.39.83.76
888,Lori,Rice,lriceon@cpanel.net,20.210.127.111
889,Daniel,Hunt,dhuntoo@ca.gov,87.211.246.89
890,Kevin,Harvey,kharveyop@blogtalkradio.com,30.154.155.74
891,Christopher,Jordan,cjordanoq@arstechnica.com,99.237.188.55
892,Kathryn,Henry,khenryor@state.tx.us,133.206.5.222
893,Richard,Gardner,rgardneros@vk.com,153.122.248.64
894,Todd,Scott,tscottot@cbc.ca,246.104.28.57
895,Louise,Thomas,lthomasou@aol.com,45.149.170.47
896,Harold,Rodriguez,hrodriguezov@examiner.com,146.186.7.107
897,Sara,Stevens,sstevensow@gmpg.org,149.52.157.187
898,Teresa,Black,tblackox@bandcamp.com,31.42.170.160
899,Lois,Dean,ldeanoy@lulu.com,92.44.247.113
900,Victor,Lee,vleeoz@is.gd,194.13.14.223
901,Kathleen,Morris,kmorrisp0@nps.gov,83.15.111.217
902,Amanda,Henderson,ahendersonp1@mapquest.com,138.38.34.135
903,Howard,Williamson,hwilliamsonp2@senate.gov,17.78.16.22
904,Emily,Gordon,egordonp3@slate.com,63.181.104.39
905,Melissa,Harvey,mharveyp4@imdb.com,117.4.197.121
906,Douglas,Kelley,dkelleyp5@creativecommons.org,46.125.3.252
907,Gloria,Porter,gporterp6@usnews.com,20.99.178.157
908,Frances,Duncan,fduncanp7@newsvine.com,108.67.24.204
909,Kelly,Alexander,kalexanderp8@lycos.com,247.102.201.12
910,Theresa,Stone,tstonep9@admin.ch,112.249.205.247
911,Robert,Fox,rfoxpa@nyu.edu,90.108.159.132
912,Heather,Simmons,hsimmonspb@slashdot.org,146.73.29.28
913,Brian,Bennett,bbennettpc@china.com.cn,92.90.178.70
914,Albert,Roberts,arobertspd@google.ru,140.72.166.205
915,Paula,Moreno,pmorenope@dion.ne.jp,158.12.155.37
916,Paula,Robertson,probertsonpf@jalbum.net,118.14.177.17
917,Barbara,Barnes,bbarnespg@bigcartel.com,81.91.211.35
918,Catherine,Campbell,ccampbellph@google.ca,137.139.218.76
919,Roger,Burke,rburkepi@skype.com,236.22.227.12
920,Robin,Jones,rjonespj@angelfire.com,221.172.187.172
921,Helen,Gomez,hgomezpk@psu.edu,22.185.85.60
922,Robert,Lewis,rlewispl@wordpress.org,251.0.210.196
923,Lori,Powell,lpowellpm@bloomberg.com,244.188.1.1
924,Karen,Howard,khowardpn@zdnet.com,82.234.40.26
925,Randy,Austin,raustinpo@thetimes.co.uk,36.255.235.182
926,Wayne,Cunningham,wcunninghampp@google.co.uk,86.160.242.41
927,Diane,Davis,ddavispq@ucoz.ru,110.25.32.95
928,Jose,Jackson,jjacksonpr@comsenz.com,187.1.67.225
929,Kathleen,Crawford,kcrawfordps@behance.net,86.193.187.154
930,Anthony,King,akingpt@disqus.com,172.203.229.32
931,Jessica,Hansen,jhansenpu@google.de,34.185.241.29
932,Donna,Peterson,dpetersonpv@hp.com,116.22.8.39
933,Christine,Nguyen,cnguyenpw@sciencedaily.com,76.100.69.135
934,Samuel,Rice,sricepx@bing.com,197.244.27.138
935,Carlos,Tucker,ctuckerpy@mit.edu,179.186.13.239
936,Shawn,Harper,sharperpz@weebly.com,109.208.23.76
937,Amanda,Burke,aburkeq0@sohu.com,45.190.78.135
938,Donald,Wells,dwellsq1@free.fr,23.85.101.87
939,Matthew,Jones,mjonesq2@trellian.com,191.169.201.115
940,Kevin,Harrison,kharrisonq3@homestead.com,137.128.26.234
941,Lawrence,Mccoy,lmccoyq4@usatoday.com,253.157.163.48
942,Bobby,Black,bblackq5@phoca.cz,16.198.3.121
943,Randy,Armstrong,rarmstrongq6@infoseek.co.jp,18.74.106.7
944,Helen,Romero,hromeroq7@wsj.com,103.49.43.152
945,Rose,Daniels,rdanielsq8@infoseek.co.jp,245.135.171.26
946,Marilyn,Holmes,mholmesq9@google.nl,49.187.76.146
947,Roger,Ross,rrossqa@noaa.gov,198.120.0.180
948,Rebecca,Butler,rbutlerqb@abc.net.au,219.5.145.89
949,Shirley,Sanders,ssandersqc@tiny.cc,163.178.37.112
950,Rose,Robinson,rrobinsonqd@opera.com,119.244.43.129
951,Kathryn,Bell,kbellqe@comsenz.com,179.175.61.34
952,Eric,Sims,esimsqf@wired.com,36.7.127.204
953,Fred,Duncan,fduncanqg@360.cn,206.25.211.107
954,Theresa,Wheeler,twheelerqh@posterous.com,46.115.170.97
955,Arthur,Larson,alarsonqi@spiegel.de,208.35.239.108
956,Brian,Brooks,bbrooksqj@sciencedirect.com,181.155.176.224
957,John,Barnes,jbarnesqk@youtu.be,73.98.167.185
958,Joan,Garcia,jgarciaql@xinhuanet.com,155.31.12.139
959,Amy,Ford,afordqm@washington.edu,78.213.116.9
960,Michelle,Simpson,msimpsonqn@adobe.com,76.9.76.167
961,Keith,Brooks,kbrooksqo@nsw.gov.au,149.154.141.123
962,Jennifer,Burke,jburkeqp@istockphoto.com,183.208.197.89
963,Justin,Tucker,jtuckerqq@last.fm,115.34.144.30
964,Jessica,Stevens,jstevensqr@skype.com,190.20.185.16
965,Bonnie,Johnston,bjohnstonqs@google.cn,76.129.246.165
966,Steve,Martinez,smartinezqt@joomla.org,142.221.199.115
967,Walter,Greene,wgreenequ@so-net.ne.jp,203.125.162.18
968,Sean,Palmer,spalmerqv@blogspot.com,229.210.175.254
969,Christina,Reyes,creyesqw@toplist.cz,164.20.108.127
970,Rose,Hayes,rhayesqx@mlb.com,167.183.252.151
971,Sandra,Perez,sperezqy@microsoft.com,86.33.73.254
972,Margaret,Nelson,mnelsonqz@ucoz.com,100.39.151.65
973,Frank,Miller,fmillerr0@yellowpages.com,63.93.26.163
974,Louise,Lee,lleer1@shareasale.com,203.201.134.57
975,Jack,Webb,jwebbr2@google.com.au,238.251.160.5
976,Amy,Hughes,ahughesr3@paypal.com,180.148.52.1
977,Craig,Bennett,cbennettr4@slideshare.net,53.32.231.248
978,Gregory,Stewart,gstewartr5@businesswire.com,119.215.165.53
979,Louise,Ortiz,lortizr6@diigo.com,171.53.165.145
980,Barbara,Fernandez,bfernandezr7@wired.com,30.22.155.73
981,Jesse,Mills,jmillsr8@google.co.uk,155.17.134.71
982,Edward,Alexander,ealexanderr9@washington.edu,46.65.195.252
983,Mark,Montgomery,mmontgomeryra@macromedia.com,29.167.6.32
984,Bruce,Jackson,bjacksonrb@creativecommons.org,154.0.85.121
985,Ralph,Ruiz,rruizrc@fc2.com,206.71.43.0
986,Albert,Barnes,abarnesrd@ucoz.ru,101.243.109.212
987,Rebecca,Carter,rcarterre@alexa.com,28.117.213.73
988,Frank,Flores,ffloresrf@paypal.com,160.240.107.32
989,Sandra,Stewart,sstewartrg@ox.ac.uk,77.79.178.26
990,Wanda,Graham,wgrahamrh@lycos.com,65.198.101.50
991,Timothy,Johnson,tjohnsonri@businessinsider.com,159.159.129.148
992,Steven,Smith,ssmithrj@wp.com,147.212.184.147
993,Jacqueline,Graham,jgrahamrk@telegraph.co.uk,177.153.29.78
994,Robert,Crawford,rcrawfordrl@yellowbook.com,220.187.85.171
995,Robert,White,rwhiterm@jimdo.com,63.207.194.8
996,Sarah,Reid,sreidrn@hexun.com,95.155.77.227
997,Andrew,Moore,amoorero@etsy.com,242.55.124.82
998,Mark,Evans,mevansrp@smugmug.com,61.245.253.182
999,Ashley,Harvey,aharveyrq@homestead.com,149.58.245.85
1000,Andrew,Russell,arussellrr@salon.com,7.143.134.117
